id,name,model_id:id,group_id:id,perm_read,perm_write,perm_create,perm_unlink
access_industrial_product_public,industrial.product public,model_industrial_product,base.group_public,1,0,0,0
access_industrial_product_portal,industrial.product portal,model_industrial_product,base.group_portal,1,0,0,0
access_industrial_product_user,industrial.product user,model_industrial_product,base.group_user,1,0,0,0
access_industrial_product_manager,industrial.product manager,model_industrial_product,group_industrial_manager,1,1,1,1
access_industrial_product_image_public,industrial.product.image public,model_industrial_product_image,base.group_public,1,0,0,0
access_industrial_product_image_portal,industrial.product.image portal,model_industrial_product_image,base.group_portal,1,0,0,0
access_industrial_product_image_user,industrial.product.image user,model_industrial_product_image,base.group_user,1,0,0,0
access_industrial_product_image_manager,industrial.product.image manager,model_industrial_product_image,group_industrial_manager,1,1,1,1
access_industrial_product_spec_public,industrial.product.spec public,model_industrial_product_spec,base.group_public,1,0,0,0
access_industrial_product_spec_portal,industrial.product.spec portal,model_industrial_product_spec,base.group_portal,1,0,0,0
access_industrial_product_spec_user,industrial.product.spec user,model_industrial_product_spec,base.group_user,1,0,0,0
access_industrial_product_spec_manager,industrial.product.spec manager,model_industrial_product_spec,group_industrial_manager,1,1,1,1
access_industrial_product_size_public,industrial.product.size public,model_industrial_product_size,base.group_public,1,0,0,0
access_industrial_product_size_portal,industrial.product.size portal,model_industrial_product_size,base.group_portal,1,0,0,0
access_industrial_product_size_user,industrial.product.size user,model_industrial_product_size,base.group_user,1,0,0,0
access_industrial_product_size_manager,industrial.product.size manager,model_industrial_product_size,group_industrial_manager,1,1,1,1
access_industrial_product_category_public,industrial.product.category public,model_industrial_product_category,base.group_public,1,0,0,0
access_industrial_product_category_portal,industrial.product.category portal,model_industrial_product_category,base.group_portal,1,0,0,0
access_industrial_product_category_user,industrial.product.category user,model_industrial_product_category,base.group_user,1,0,0,0
access_industrial_product_category_manager,industrial.product.category manager,model_industrial_product_category,group_industrial_manager,1,1,1,1
access_industrial_material_public,industrial.material public,model_industrial_material,base.group_public,1,0,0,0
access_industrial_material_portal,industrial.material portal,model_industrial_material,base.group_portal,1,0,0,0
access_industrial_material_user,industrial.material user,model_industrial_material,base.group_user,1,0,0,0
access_industrial_material_manager,industrial.material manager,model_industrial_material,group_industrial_manager,1,1,1,1
access_industrial_finish_public,industrial.finish public,model_industrial_finish,base.group_public,1,0,0,0
access_industrial_finish_portal,industrial.finish portal,model_industrial_finish,base.group_portal,1,0,0,0
access_industrial_finish_user,industrial.finish user,model_industrial_finish,base.group_user,1,0,0,0
access_industrial_finish_manager,industrial.finish manager,model_industrial_finish,group_industrial_manager,1,1,1,1
access_industrial_sector_public,industrial.sector public,model_industrial_sector,base.group_public,1,0,0,0
access_industrial_sector_portal,industrial.sector portal,model_industrial_sector,base.group_portal,1,0,0,0
access_industrial_sector_user,industrial.sector user,model_industrial_sector,base.group_user,1,0,0,0
access_industrial_sector_manager,industrial.sector manager,model_industrial_sector,group_industrial_manager,1,1,1,1
access_industrial_rfq_user,industrial.rfq user,model_industrial_rfq,group_industrial_user,1,1,1,0
access_industrial_rfq_manager,industrial.rfq manager,model_industrial_rfq,group_industrial_manager,1,1,1,1
access_industrial_rfq_line_user,industrial.rfq.line user,model_industrial_rfq_line,group_industrial_user,1,1,1,1
access_industrial_rfq_line_manager,industrial.rfq.line manager,model_industrial_rfq_line,group_industrial_manager,1,1,1,1
